"company","country","city","website","contact_email","contact_page","focus","signal","why_fit","personalization_hook","priority","outreach_language","status","source_url","verified_on"
"BareBear Production","Czechia","Prague / Zlín","https://www.bbp.studio/","info@bbp.studio","https://www.bbp.studio/hiring","3D/2D animation, CGI, VFX, compositing and editing","Public hiring page for 3D Lighter/Compositor and Scripter/TD.","Exact match for full-shot or partial 3D/VFX support.","Mention their hiring page and offer freelance capacity across 3D, lighting and compositing.","5","Czech","new","https://www.bbp.studio/hiring","2026-09-26"
"Magiclab","Czechia","Prague","https://www.magiclab.film/","info@magiclab.film","https://www.magiclab.film/contact/","Film post-production, VFX, CGI, FX, matte painting and DI","Showreel 2025 and public CG Supervisor and DI Production Manager openings.","International film and series work can create demand for specialized CG/VFX capacity.","Reference the 2025 reel and offer autonomous shot delivery or pipeline overflow.","5","Czech / English","new","https://www.magiclab.film/jobs/cg-supervisor/","2026-09-26"
"Three Bohemians","Czechia","Prague","https://threebohemians.studio/","marek@threebohemians.com","https://threebohemians.studio/contact/","3D animation, cinematics, Unreal Engine, lighting and mocap cleanup","Careers page invites freelance Unreal artists for an upcoming game project.","They explicitly work with external talent and both complete and partial production units.","Reference Kingdom Come: Deliverance II and offer animation, lighting or shot delivery.","5","Czech / English","new","https://threebohemians.studio/career/","2026-09-26"
"UPP","Czechia","Prague","https://www.upp.cz/","newbusiness.adv@upp.cz","https://upp.cz/contact/","Film and advertising VFX, virtual production, 3D scan, editorial and grading","Public 2D Compositor opening and recent award-winning advertising VFX work.","High shot volume across film and advertising suits matchmove, modeling, lighting and comp overflow.","Reference the Just Eat VFX work and use the dedicated advertising contact.","5","Czech / English","new","https://upp.cz/job/2d-compositor/","2026-09-26"
"PFX","Czechia / Slovakia","Prague / Bratislava","https://pfx.tv/","projects@pfx.tv","https://pfx.tv/contact/","VFX, 3D animation, post-production, lighting, rendering and compositing","Large shared Central European pipeline spanning film, advertising and animation.","The service range closely matches full-shot and discipline-specific freelance support.","Offer flexible capacity for 3D, lighting, rendering and compositing through the project contact.","5","Czech / English","new","https://pfx.tv/contact/","2026-09-26"
"Apollon Studio","Slovakia","Bratislava","https://apollonstudio.com/","info@apollonstudio.com","https://apollonstudio.com/contact/","Commercials, food shots, 3D/CGI, VFX and post-production","Public 3D/CGI Artist: Nature opening for modeling, animation and simulations.","The hiring signal directly confirms demand for relevant 3D skills.","Send relevant environment, simulation, lighting or full-CGI-shot samples.","5","Slovak / English","new","https://www.apollonstudio.com/careers/cg-artist-nature","2026-09-26"
"Studio 727","Slovakia","Bratislava","https://727.sk/","studio@727.sk","https://727.sk/","VFX, 3D, tracking, compositing, rotoscoping and virtual production","Recent face and full-body scanning projects are featured on the site.","Direct match for matchmove, digital assets, animation, lighting and compositing.","Reference face scanning and offer cleanup, retopology, lookdev and integration.","5","Slovak / English","new","https://727.sk/References/FaceScanSystem","2026-09-26"
"Imagine Studio","Czechia","Prague","https://imaginestudio.cz/","info@imaginestudio.cz","https://imaginestudio.cz/contact","Boutique VFX and digital post-production for ads, film, TV and online","Portfolio includes recent Tipsport, Vodafone, T-Mobile and iStyle campaigns.","A compact VFX studio is a realistic buyer of autonomous shots and peak-load support.","Reference Tipsport Image 2025 or iStyle and offer tracking, CGI integration and comp.","5","Czech","new","https://imaginestudio.cz/commercial/tipsport-image-2025-1","2026-09-26"
"Blue Faces","Slovakia","Bratislava","https://blue-faces.com/","info@blue-faces.com","https://blue-faces.com/contact-us/","VFX and 2D/3D animation, matchmove, modeling, simulation, lighting and rendering","The Legacy of Adam is listed in production and the studio expanded its 2D department.","Their services almost exactly match the offered freelance range.","Mention The Legacy of Adam and offer asset, animation, lighting or final comp support.","5","Slovak / English","new","https://blue-faces.com/vfx/the-legacy-of-adam/","2026-09-26"
"TeapotVFX","Slovakia","Bratislava","https://www.teapotvfx.com/","vfx@teapotvfx.com","https://www.teapotvfx.com/sk/contact/","Boutique VFX/CGI, scanning, mocap, matchmove, compositing and grading","The studio states that it scales through freelancers and partner studios.","Explicit freelancer-friendly model and a direct match for end-to-end shots.","Reference their matchmove work and offer a complete shot from track through grading.","5","Slovak / English","new","https://www.teapotvfx.com/about/","2026-09-26"
"Eallin","Czechia / Slovakia","Prague / Bratislava","https://eallin.com/","hello@eallin.com","https://eallin.com/contact/","International 2D/3D animation, stop motion, motion graphics and art direction","The contact page includes a dedicated artist commissioning route.","Its flexible production network may need specialized 3D or compositing support.","Send a stylistically varied reel and stress adaptability to different art directions.","4","English","new","https://eallin.com/contact/","2026-09-26"
"Stone PP","Slovakia","Bratislava","http://www.stonepp.tv/","office@stonepp.tv","http://www.stonepp.tv/","Commercial and film post-production, motion design, 2D/3D and VFX","Active full-service studio; no dated hiring signal is public.","A smaller commercial post house may need specialist 3D help during peaks.","Offer rapid ownership of a commercial shot from tracking to final composite.","4","Slovak","new","http://www.stonepp.tv/","2026-09-26"
"Silencio FX","Czechia","Prague","https://silencio.cz/","produkce@silencio.cz","https://silencio.cz/","Production and post-production with picture and sound facilities","The official site maintains an active recent-work section.","Its combined production and post setup can use partial VFX or complete-shot delivery.","Offer camera tracking, CGI integration, compositing and final delivery as one package.","4","Czech","new","https://silencio.cz/","2026-09-26"
"Frame4Future","Czechia","Prague","https://www.frame4future.cz/en/","info@frame4future.cz","https://www.frame4future.cz/en/","3D, AI, motion design, VFX, Flame, Maya, Cinema 4D and Unreal","The studio says it scales its team for large and parallel projects.","Its network model is well suited to additional freelance capacity.","Name compatible software and offer overflow shots under their supervision.","4","Czech / English","new","https://www.frame4future.cz/en/","2026-09-26"
"Bistro Films","Czechia","Prague","https://www.bistrofilms.com/","jirka@bistrofilms.com","https://www.bistrofilms.com/contact","Advertising and branded-film production","Portfolio includes Pilsner Urquell Image 2025 and work for major brands.","A production without a declared internal VFX department may commission external post shots.","Reference Pilsner Urquell Image 2025 and offer CGI/VFX support for treatments in development.","4","Czech","new","https://www.bistrofilms.com/work","2026-09-26"
"Punk Film","Czechia","Prague","https://punkfilm.cz/","office@punkfilm.cz","https://www.punkfilm.cz/about","Advertising, film and television production and production services","The site lists a film in production and recent major-brand commercials.","The production works with post studios and may commission specialist external shots.","Reference a visually demanding commercial and offer one owner for the whole post shot.","4","Czech / English","new","https://punkfilm.cz/work","2026-09-26"
"Studio Za Komínem","Czechia","Prague","https://www.studiozakominem.cz/en/","info@studiozakominem.cz","https://www.studiozakominem.cz/en/","Editing, grading, VFX, motion graphics, 3ds Max animation and sound","Current portfolio spans film, documentary and advertising work.","Its broad post setup can be supplemented with 3D, tracking and rendering capacity.","Mention compatibility with its Nuke, After Effects and 3ds Max workflow.","4","Czech / English","new","https://www.studiozakominem.cz/en/","2026-09-26"
"artFX Studio","Slovakia","Bratislava","http://www.fxstudio.sk/","fx@fxstudio.sk","http://www.fxstudio.sk/","Editing, sound, grading and 2D/3D FX in Resolve, Fusion and Blender","Long-running end-to-end post studio; no dated hiring signal is public.","A small generalist studio can need specialist or peak-load 3D support.","Stress Blender/Fusion compatibility and delivery through final grade.","4","Slovak","new","http://www.fxstudio.sk/","2026-09-26"
"Hitchhiker Films","Slovakia","Bratislava","https://hitchhikerfilms.sk/","info@hiker.sk","https://hitchhikerfilms.sk/","TV commercials, international production services and in-house offline editing","Active production site with extensive TV commercial experience.","An offline-equipped production can be a direct buyer of external online and VFX work.","Offer online/VFX capacity that follows smoothly from their internal offline edit.","4","Slovak / English","new","https://hitchhikerfilms.sk/","2026-09-26"
"Tru Kru Studio","Slovakia","Bratislava","https://www.trukru.studio/","info@trukru.studio","https://www.trukru.studio/","Motion design, art direction, 3D visuals and advertising animation","Portfolio features work for banks, telecoms and consumer brands.","Good fit for motion and product CGI, though less focused on film matchmove.","Offer photoreal 3D, simulations, lighting and rendering to complement the motion team.","3","Slovak / English","new","https://www.trukru.studio/","2026-09-26"
"THE RENDERERS","Austria","Graz","https://trvp.at/","jobs@trvp.at","https://trvp.at/career","CGI, VFX, animation and product and industrial visualization","Public freelance roles include VFX/CG Compositor and several 3D disciplines.","Explicit freelance demand across modeling, animation and compositing.","Reference technical or product work and apply against the relevant freelance role.","5","English / German","new","https://trvp.at/career","2026-09-26"
"GLID Studio","Switzerland","Lausanne","https://www.glidstudio.ch/","hello@glidstudio.ch","https://www.glidstudio.ch/info","3D design, animation, motion, luxury and retail CGI","The studio builds custom international teams and invites portfolios.","Flexible project teams are a natural fit for an external 3D generalist.","Reference Cellcosmet or the Swatch Times Square campaign.","5","English / French","new","https://www.glidstudio.ch/info","2026-09-26"
"Orange FX","Netherlands","","https://orangefx.nl/","","https://orangefx.nl/","Compositing, animation, motion graphics and on-set VFX","The studio says it scales projects with trusted freelance specialists.","One of the clearest freelance signals for comp, cleanup and set extensions.","Offer dependable shot-based support for invisible VFX and screen replacements.","5","English","new","https://orangefx.nl/","2026-09-26"
"Komposit","Belgium","Namur / Brussels","https://www.komposit.be/","info@komposit.be","https://www.komposit.be/about/","Film and series VFX, animation and motion design","The studio is constantly seeking compositors, 3D generalists and FX artists for a semi-remote pipeline.","Explicit remote talent signal for exactly the relevant roles.","Reference its CG engine and set-extension work and state remote availability.","5","English / French","new","https://www.komposit.be/about/","2026-09-26"
"MediaCraft","Poland","Warsaw","https://mediacraft.pl/","makaruk@mediacraft.video","https://mediacraft.pl/jobs/","3D animation, motion graphics, CGI, VR and projection mapping","Public remote-EU freelance/project-based 3D and motion role.","Direct match for modeling, lighting, simulations and post-processing.","Respond to the role with a video reel, availability and rate.","5","English / Polish","new","https://mediacraft.pl/jobs/","2026-09-26"
"NOLABEL","Poland","Kraków","https://nolabel.com.pl/","jobs@nolabel.com.pl","https://nolabel.com.pl/join-us/","High-end VFX, CGI, simulations and compositing","Public 3D Generalist opening and open applications.","Strong fit for lighting, FX and shot compositing in a larger pipeline.","Reference the full-CG water and storm work on Heweliusz.","5","English / Polish","new","https://nolabel.com.pl/join-us/","2026-09-26"
"Cinematic","Sweden","Stockholm","https://www.cinematic.se/","contact@cinematic.se","https://www.cinematic.se/contact","Animation, motion, VFX, commercials and game content","The studio explicitly invites talented remote freelancers.","Direct remote freelance lead for animation, motion and VFX.","Tailor the reel to its advertising and games mix.","5","English","new","https://www.cinematic.se/contact","2026-09-26"
"Expanse","Norway","Oslo","https://www.expanse.no/","talent@expanse.no","https://www.expanse.no/","Feature VFX, 3D animation, matchmove, lighting and compositing","The studio is expanding its artist network after a roughly 500-shot project.","Strong project pipeline and explicit talent contact.","Reference the character and VFX work on A Mouse Hunt for Christmas.","5","English","new","https://www.expanse.no/","2026-09-26"
"Netron","Norway","Fredrikstad","https://netron.no/en/","malin@netron.no","https://netron.no/en/freelancer-for-netron/","Film, animation, 3D, VFX, Unreal, VR and virtual production","Active 2026 freelancer intake form records skills and availability.","A direct route into a broad freelance production database.","Use the freelancer form and mention Unreal or virtual-production experience where relevant.","5","English","new","https://netron.no/en/freelancer-for-netron/","2026-09-26"
"Vanite","Finland","Helsinki","https://vanite.fi/","hello@vanite.fi","https://vanite.fi/about/","2D/3D animation, VFX, product rendering and compositing","The studio says it collaborates flexibly with a network of freelancers.","Realistic external-capacity lead in a small artist-driven studio.","Reference Sanoma Kartturi or the Planted product renders.","5","English","new","https://vanite.fi/about/","2026-09-26"
"Storz & Escherich","Germany","Berlin","https://www.storzescherich.de/","info@storzescherich.de","https://www.storzescherich.de/jobs/","CGI, VFX, motion design and Nuke compositing","The site lists 3D, compositing and motion hiring for upcoming projects.","Strong skills match, though openings may be primarily in-house.","Offer remote short-term capacity connecting CGI and compositing.","4","English / German","new","https://www.storzescherich.de/jobs/","2026-09-26"
"VFXbox","Germany","Nuremberg / Berlin","https://vfxbox.de/","mail@vfxbox.de","https://vfxbox.de/jobs/","Film VFX, 3D, FX and motion design","Careers page lists FX Artist and 3D Generalist and accepts general portfolios.","Close fit for autonomous shot work and invisible VFX.","Reference set extensions, invisible effects or technical product animation.","4","English / German","new","https://vfxbox.de/jobs/","2026-09-26"
"ISTUDIOS VFX","Sweden","Karlskrona","https://www.istudios.se/","jobs@istudios.se","https://www.istudios.se/jobs","VFX, 3D animation, game trailers and virtual production","No open role, but the studio explicitly expands its freelance artist network.","Good fit for shot work, assets, FX and virtual-production environments.","Reference Doctor Who, CK3 trailers or its virtual-production workflow.","4","English","new","https://www.istudios.se/jobs","2026-09-26"
"Filmic Animation","Sweden","Stockholm","https://filmic.se/en/","jobb@filmic.se","https://filmic.se/en/contact/","3D/2D animation, characters, rigging, simulations and compositing","Its talent contact invites experienced 3D and comp artists to send reels.","Solid match for generalist animation and compositing support.","Reference The Spider or the ongoing Gnuttarna 3D stories.","4","English","new","https://filmic.se/en/contact/","2026-09-26"
"How How","Poland","Poznań","https://howhow.pl/en/","praca@howhow.pl","https://howhow.pl/en/join-us/","2D/3D advertising animation, modeling and product films","Careers page lists a 3D Generalist/Animator role.","Good generalist match, though the opening is not explicitly freelance.","Send one strongest piece as requested and offer project-based remote support.","4","English / Polish","new","https://howhow.pl/en/join-us/","2026-09-26"
"MAD / Fools for Motion","Netherlands","Almelo","https://www.studiomad.nl/","info@studiomad.nl","https://www.studiomad.nl/contact","3D motion, CGI, procedural VFX and product films","Portfolio includes recent product and industrial CGI projects.","A compact specialist team may need modeling, lighting and simulation overflow.","Reference the procedural simulation work for Normfinish.","3","English","new","https://www.studiomad.nl/cases/normfinish-blasting-cabinets","2026-09-26"
"Studio Ripple","Netherlands","Amsterdam / Eindhoven","https://studioripple.nl/","","https://studioripple.nl/","3D animation, VFX, matchmove, compositing and archviz","The studio advertises a C4D, Redshift and Nuke matchmove pipeline.","Nearly complete technical fit, but no public freelance call.","Mention C4D/Redshift assets, matchmove and Nuke compositing if relevant.","3","English","new","https://studioripple.nl/","2026-09-26"
"CFX","Finland","Helsinki","https://cfx.fi/","anton@cfx.fi","https://cfx.fi/about/","VFX and 3D animation for commercials, series and games","A public contact is specifically labeled for collaborations.","Relevant project studio, though there is no public freelance invitation.","Reference Icebreaker Main Title or Angry Birds 3D Billboard.","3","English","new","https://cfx.fi/about/","2026-09-26"
"Found Studio","UK","London","https://www.found-studio.com/","jobs@found-studio.com","https://www.found-studio.com/contact/","3D motion design, CGI and brand films","Current Midweight 3D Motion Designer and Senior Producer openings.","Strong fit for full-shot CG and product or brand-campaign overflow.","Mention its combined CGI and ComfyUI workflow on London Craft Week.","5","English","new","https://www.found-studio.com/contact/","2026-09-26"
"Builders Club","UK","London","https://builders-club.com/","enquiries@builders-club.com","https://builders-club.com/contact","CGI, live action, AI, design and advertising","The site invites full-time and freelance applications from digital artists and motion designers.","Open freelance roster and multidisciplinary production align with full-shot support.","Reference its combination of CGI, live action and AI for global brands.","5","English","new","https://builders-club.com/contact","2026-09-26"
"Flipbook Studio","UK","Manchester","https://www.flipbookstudio.co.uk/","jobs@flipbookstudio.co.uk","https://www.flipbookstudio.co.uk/careers-flipbookstudio-co-uk/","Animation, VFX, CGI and immersive content","The studio explicitly seeks freelance 3D animators, CGI generalists and modelers.","One of the closest matches for a European 3D generalist.","Respond directly to its freelance CGI-generalist demand and state availability.","5","English","new","https://www.flipbookstudio.co.uk/news/current-positions-permanent-freelance/","2026-09-26"
"Bomper Studio","UK","Caerphilly","https://bomperstudio.com/","","https://bomperstudio.com/contact-bomper-studio","3D animation, character, product CGI and VFX","Careers page says it continually seeks full-time and freelance artists.","A boutique studio with broad 3D work is suitable for a full-shot generalist.","Reference its LEGO x SCHEELS or Bose product work.","5","English","new","https://bomperstudio.com/careers","2026-09-26"
"Glassworks","UK","London","https://glassworksvfx.com/","recruitment.lon@glassworksvfx.com","https://glassworksvfx.com/jobs","VFX, CGI, compositing, animation, colour and experiential","Jobs page says it continually seeks talent for onsite and remote work.","Broad remote-capable VFX pipeline suits CG and comp overflow.","Mention the ability to bridge 3D/CGI, environments, FX and compositing.","5","English","new","https://glassworksvfx.com/jobs","2026-09-26"
"FutureDeluxe","UK","London","https://futuredeluxe.com/","talent@futuredeluxe.com","https://futuredeluxe.com/info","Experimental CGI, motion, design and technology","The studio explicitly accepts freelance applications.","Strong target for a technically capable generalist with design sensitivity.","Reference Volvo EX60, Powerbeats Pro 2 or experimental R&D.","5","English","new","https://futuredeluxe.com/info","2026-09-26"
"Territory Studio","UK","London","https://territorystudio.com/","recruitment@territorystudio.com","https://territorystudio.com/jobs","Motion design, VFX, screen graphics and experiential","The site lists freelance TD, FX and lighting roles.","Its project-based specialist model fits film shots and lighting or FX overflow.","Show film storytelling and multi-discipline shot ownership.","5","English","new","https://territorystudio.com/jobs","2026-09-26"
"Black Kite Studios","UK","London","https://blackkitestudios.com/","","https://joinus.blackkitestudios.com/jobs","High-end advertising VFX and design","Careers site lists freelance expressions of interest and multiple CG/VFX roles.","Independent ad-VFX studio with explicit demand for flexible capacity.","Use the relevant application form and show photoreal and stylized work.","5","English","new","https://joinus.blackkitestudios.com/jobs","2026-09-26"
"Untold Studios","UK","London","https://untoldstudios.tv/","garreth@untoldstudios.tv","https://careers.untoldstudios.tv/jobs","VFX, design, production and technology","Current freelance FX and Houdini CFX roles plus a general application.","Direct freelance signal for asset, FX and shot support.","State precise Houdini, CFX or shot-finishing skills and European time zone.","5","English","new","https://careers.untoldstudios.tv/jobs","2026-09-26"
"Piranha Bar","Ireland","Dublin","https://piranhabar.ie/","talent@piranhabar.ie","https://piranhabar.ie/contact/","Commercials, VFX, animation, broadcast and originals","The contact page provides a dedicated Work with us route.","Boutique/mid-size studio with both advertising and VFX departments.","Offer support from CG setup through final shot.","5","English","new","https://piranhabar.ie/contact/","2026-09-26"
"Parallel Studio","France","Paris","https://parallelstudio.tv/","job@parallelstudio.tv","https://parallelstudio.tv/about","Animation, illustration, 2D/3D and luxury advertising","The studio says it is always looking for talent and has a 2026 showreel.","Boutique 3D studio is a good target for stylized full-shot work.","Reference Porsche, TAG Heuer, Hermès or Rimowa and its poetic visual style.","5","English / French","new","https://parallelstudio.tv/about","2026-09-26"
"Trizz","Spain","Barcelona","https://www.trizz.tv/","jobs@trizz.tv","https://www.trizz.tv/portfolio/contact","Production, 3D animation, live action and VFX","The contact page has an explicit Work with us channel.","Direct match for remote overflow and complete CG shots in advertising.","Reference Dettol Tru Clean or ISDIN and the live-action/3D blend.","5","English / Spanish","new","https://www.trizz.tv/portfolio/contact","2026-09-26"
"SAUVAGE.TV","Spain","Barcelona","https://www.sauvage.tv/","careers@sauvage.tv","https://www.sauvage.tv/contact?_locale=0","Creative production, post-production, animation and VFX","Dedicated careers contact and talent form alongside major recent campaigns.","In-house post and CG campaigns make flexible generalists relevant.","Reference League of Legends: PARANOIA, Gatorade or STARLUX x Sorayama.","5","English / Spanish","new","https://www.sauvage.tv/contact?_locale=0","2026-09-26"
"Tendril","Canada","Toronto","https://tendril.ca/","careers@tendril.ca","https://tendril.ca/contact/","Design, animation, CGI and emerging technology","The studio says it is always looking for talent and has a dedicated careers inbox.","Design-led studio using Houdini, Unreal, AR and VR suits a technical generalist.","Mention emotional design plus Houdini or Unreal production capability.","5","English","new","https://tendril.ca/contact/","2026-09-26"
"Coffee & TV","UK","London","https://coffeeand.tv/","jobs@coffeeand.tv","https://coffeeand.tv/about/careers/","Motion design, animation, VFX and colour","Careers page accepts open applications in addition to listed roles.","Large advertising post team can need freelance 3D/VFX overflow.","Stress end-to-end delivery from asset and lookdev through comp.","4","English","new","https://coffeeand.tv/about/careers/","2026-09-26"
"Windmill Lane","Ireland","Dublin","https://www.windmilllane.com/","john.kennedy@windmilllane.com","https://www.windmilllane.com/wlvfx-is-hiring/","Film and TV VFX, advertising and post-production","Public hiring page lists motion, FX, animation and CG roles with remote considered.","European availability and full-shot skills fit its film and series work.","Reference Bodkin, Doctor Who, Kin or Secret Level.","4","English","new","https://www.windmilllane.com/wlvfx-is-hiring/","2026-09-26"
"Unit Image","France","Paris","https://www.unit-image.fr/","contact@unit-image.fr","https://www.unit-image.fr/jobs/","High-end 3D animation, game cinematics and VFX","Jobs page accepts general applications and lists FX and animation roles.","Strong cinematic/full-CG fit, particularly with 3ds Max, V-Ray or Houdini.","Reference Total War: Warhammer 40K, Secret Level or Marvel Rivals.","4","English / French","new","https://www.unit-image.fr/jobs/","2026-09-26"
"Mathematic Studio","France","Paris","https://mathematic.tv/","jobs@mathematic.tv","https://mathematic.tv/contact/careers/","VFX, animation, motion design and creative technology","Dedicated jobs inbox on the official contact page.","Its broad advertising and entertainment slate can use European overflow support.","Include a concise breakdown of two or three shots.","4","English / French","new","https://mathematic.tv/contact/careers/","2026-09-26"
"Onionlab","Spain","Barcelona","https://www.onionlab.com/","jobs@onionlab.com","https://www.onionlab.com/contact/","Audiovisual installations, exhibitions, motion and immersive design","The contact page explicitly directs applicants to jobs@.","Suitable for a CG generalist with installation and motion interests.","Stress loopable content, multiple deliverables or realtime workflow.","4","English / Spanish","new","https://www.onionlab.com/contact/","2026-09-26"
"Screen Scene / SSVFX","Ireland","Dublin","https://screenscene.ie/","ckeenan@ssvfx.ie","https://screenscene.ie/contact","Film, drama, commercials, VFX and post-production","Its official reporting confirms use of temporary contract VFX artists.","Relevant project-based VFX buyer, though no open roster is public.","Offer concrete shot-based CG/VFX support to production.","3","English","new","https://screenscene.ie/contact","2026-09-26"
